{"cameraMode":{"drawMode":0,"name":"Shaded","section":"Shading Mode"},"sceneLighting":false,"audioPlay":false,"sceneViewState":{"m_AlwaysRefresh":false,"showFog":true,"showSkybox":false,"showFlares":true,"showImageEffects":true,"showParticleSystems":true,"showVisualEffectGraphs":true,"m_FxEnabled":true},"in2DMode":false,"pivot":{"x":4.796115875244141,"y":0.8668879866600037,"z":-8.080296516418457},"rotation":{"x":-0.059817180037498477,"y":-0.06972494721412659,"z":0.004191635176539421,"w":-0.9957714676856995},"size":3.646876811981201,"orthographic":false}